{
  "best_model": "gradient_boosting",
  "best_test_f1_macro": 0.9701005853805803,
  "feature_columns": [
    "Age",
    "Height",
    "NCP",
    "imc",
    "Healthy_Score",
    "Sedentary_Index",
    "MTRANS_Code",
    "caec_code",
    "calc_code",
    "gender_binary",
    "family_history",
    "FAVC",
    "SMOKE",
    "SCC"
  ],
  "target_classes": [
    "Insufficient_Weight",
    "Normal_Weight",
    "Obesity_Type_I",
    "Obesity_Type_II",
    "Obesity_Type_III",
    "Overweight_Level_I",
    "Overweight_Level_II"
  ],
  "results_by_model": {
    "logistic_regression": {
      "best_params": {
        "classifier__C": 10.0,
        "classifier__penalty": "l2",
        "classifier__solver": "lbfgs"
      },
      "cv_f1_macro": 0.942012134798391,
      "test_accuracy": 0.9401913875598086,
      "test_f1_macro": 0.9377277429258335,
      "classification_report": {
        "Insufficient_Weight": {
          "precision": 0.9137931034482759,
          "recall": 1.0,
          "f1-score": 0.954954954954955,
          "support": 53.0
        },
        "Normal_Weight": {
          "precision": 0.9607843137254902,
          "recall": 0.8596491228070176,
          "f1-score": 0.9074074074074074,
          "support": 57.0
        },
        "Obesity_Type_I": {
          "precision": 0.9850746268656716,
          "recall": 0.9428571428571428,
          "f1-score": 0.9635036496350365,
          "support": 70.0
        },
        "Obesity_Type_II": {
          "precision": 0.9523809523809523,
          "recall": 1.0,
          "f1-score": 0.975609756097561,
          "support": 60.0
        },
        "Obesity_Type_III": {
          "precision": 1.0,
          "recall": 0.9846153846153847,
          "f1-score": 0.9922480620155039,
          "support": 65.0
        },
        "Overweight_Level_I": {
          "precision": 0.8867924528301887,
          "recall": 0.8545454545454545,
          "f1-score": 0.8703703703703703,
          "support": 55.0
        },
        "Overweight_Level_II": {
          "precision": 0.8709677419354839,
          "recall": 0.9310344827586207,
          "f1-score": 0.9,
          "support": 58.0
        },
        "accuracy": 0.9401913875598086,
        "macro avg": {
          "precision": 0.9385418844551519,
          "recall": 0.9389573696548029,
          "f1-score": 0.9377277429258335,
          "support": 418.0
        },
        "weighted avg": {
          "precision": 0.9415874050872824,
          "recall": 0.9401913875598086,
          "f1-score": 0.9399118901352133,
          "support": 418.0
        }
      },
      "confusion_matrix": [
        [
          53,
          0,
          0,
          0,
          0,
          0,
          0
        ],
        [
          5,
          49,
          0,
          0,
          0,
          3,
          0
        ],
        [
          0,
          0,
          66,
          2,
          0,
          0,
          2
        ],
        [
          0,
          0,
          0,
          60,
          0,
          0,
          0
        ],
        [
          0,
          0,
          0,
          1,
          64,
          0,
          0
        ],
        [
          0,
          2,
          0,
          0,
          0,
          47,
          6
        ],
        [
          0,
          0,
          1,
          0,
          0,
          3,
          54
        ]
      ]
    },
    "random_forest": {
      "best_params": {
        "classifier__max_depth": null,
        "classifier__min_samples_split": 2,
        "classifier__n_estimators": 200
      },
      "cv_f1_macro": 0.9762200515462295,
      "test_accuracy": 0.9688995215311005,
      "test_f1_macro": 0.9672467460004789,
      "classification_report": {
        "Insufficient_Weight": {
          "precision": 1.0,
          "recall": 0.9811320754716981,
          "f1-score": 0.9904761904761905,
          "support": 53.0
        },
        "Normal_Weight": {
          "precision": 0.9047619047619048,
          "recall": 1.0,
          "f1-score": 0.95,
          "support": 57.0
        },
        "Obesity_Type_I": {
          "precision": 1.0,
          "recall": 1.0,
          "f1-score": 1.0,
          "support": 70.0
        },
        "Obesity_Type_II": {
          "precision": 0.9836065573770492,
          "recall": 1.0,
          "f1-score": 0.9917355371900827,
          "support": 60.0
        },
        "Obesity_Type_III": {
          "precision": 1.0,
          "recall": 0.9846153846153847,
          "f1-score": 0.9922480620155039,
          "support": 65.0
        },
        "Overweight_Level_I": {
          "precision": 0.9607843137254902,
          "recall": 0.8909090909090909,
          "f1-score": 0.9245283018867925,
          "support": 55.0
        },
        "Overweight_Level_II": {
          "precision": 0.9298245614035088,
          "recall": 0.9137931034482759,
          "f1-score": 0.9217391304347826,
          "support": 58.0
        },
        "accuracy": 0.9688995215311005,
        "macro avg": {
          "precision": 0.9684253338954217,
          "recall": 0.9672070934920641,
          "f1-score": 0.9672467460004789,
          "support": 418.0
        },
        "weighted avg": {
          "precision": 0.969762640742481,
          "recall": 0.9688995215311005,
          "f1-score": 0.9687928720733057,
          "support": 418.0
        }
      },
      "confusion_matrix": [
        [
          52,
          1,
          0,
          0,
          0,
          0,
          0
        ],
        [
          0,
          57,
          0,
          0,
          0,
          0,
          0
        ],
        [
          0,
          0,
          70,
          0,
          0,
          0,
          0
        ],
        [
          0,
          0,
          0,
          60,
          0,
          0,
          0
        ],
        [
          0,
          0,
          0,
          1,
          64,
          0,
          0
        ],
        [
          0,
          2,
          0,
          0,
          0,
          49,
          4
        ],
        [
          0,
          3,
          0,
          0,
          0,
          2,
          53
        ]
      ]
    },
    "gradient_boosting": {
      "best_params": {
        "classifier__learning_rate": 0.05,
        "classifier__max_depth": 5,
        "classifier__n_estimators": 150
      },
      "cv_f1_macro": 0.9711923224853638,
      "test_accuracy": 0.9712918660287081,
      "test_f1_macro": 0.9701005853805803,
      "classification_report": {
        "Insufficient_Weight": {
          "precision": 0.9811320754716981,
          "recall": 0.9811320754716981,
          "f1-score": 0.9811320754716981,
          "support": 53.0
        },
        "Normal_Weight": {
          "precision": 0.9491525423728814,
          "recall": 0.9824561403508771,
          "f1-score": 0.9655172413793104,
          "support": 57.0
        },
        "Obesity_Type_I": {
          "precision": 0.9857142857142858,
          "recall": 0.9857142857142858,
          "f1-score": 0.9857142857142858,
          "support": 70.0
        },
        "Obesity_Type_II": {
          "precision": 0.967741935483871,
          "recall": 1.0,
          "f1-score": 0.9836065573770492,
          "support": 60.0
        },
        "Obesity_Type_III": {
          "precision": 1.0,
          "recall": 0.9846153846153847,
          "f1-score": 0.9922480620155039,
          "support": 65.0
        },
        "Overweight_Level_I": {
          "precision": 0.98,
          "recall": 0.8909090909090909,
          "f1-score": 0.9333333333333333,
          "support": 55.0
        },
        "Overweight_Level_II": {
          "precision": 0.9333333333333333,
          "recall": 0.9655172413793104,
          "f1-score": 0.9491525423728814,
          "support": 58.0
        },
        "accuracy": 0.9712918660287081,
        "macro avg": {
          "precision": 0.9710105960537242,